percentile,n,defauts,montant,montant_defaut,pd_seuil
0,801,47,17114150.0,1237500.0,6.425473959380742e-16
1,615,35,10872175.0,600475.0,0.033249433945034025
2,558,23,8866050.0,365050.0,0.040907824538909614
3,598,29,9200950.0,426775.0,0.04578035076134196
4,580,33,8904275.0,606100.0,0.049510199182804075
5,575,22,8554275.0,393850.0,0.05256303077368686
6,606,21,9051950.0,401550.0,0.05537998237324342
7,626,39,9130650.0,647225.0,0.057726190258458
8,657,41,9213425.0,608500.0,0.05998357117442969
9,625,27,8204000.0,448225.0,0.06202751090466776
10,721,42,9688775.0,628875.0,0.06406485641995094
11,716,43,9786150.0,731850.0,0.06618398432607756
12,699,55,9608400.0,666325.0,0.06805259071587841
13,655,35,8897625.0,495125.0,0.06977814169224432
14,655,39,8920400.0,557650.0,0.07140566512137311
15,659,55,8854450.0,766450.0,0.07291089857390005
16,668,49,8761000.0,637825.0,0.07437410863154696
17,706,44,9309900.0,501075.0,0.07581435283302734
18,689,50,8784700.0,651800.0,0.07731002600761913
19,707,56,9028225.0,580325.0,0.07880774472029049
20,738,61,9641350.0,743275.0,0.08024717232992445
21,722,56,9272575.0,601075.0,0.08159479230908001
22,768,57,10032875.0,713125.0,0.08291679244085509
23,734,52,9455525.0,641275.0,0.08436414884663337
24,763,71,9303375.0,872125.0,0.0856991737437693
25,706,41,9293100.0,515225.0,0.08704867953054561
26,838,75,10957325.0,926050.0,0.08823169028838256
27,742,62,9336250.0,717575.0,0.08953337449895243
28,824,63,10365200.0,607275.0,0.0908170326509145
29,733,72,9548175.0,837900.0,0.09210413169248872
30,784,58,10290150.0,705050.0,0.0933385163426244
31,726,77,9186275.0,1009675.0,0.09456704632179862
32,831,64,10641475.0,756850.0,0.09574076706881895
33,816,76,10393600.0,871725.0,0.09702905394126624
34,812,87,10118550.0,969550.0,0.09834535806525159
35,819,82,10443400.0,1054475.0,0.09956466725751029
36,763,75,9598000.0,885700.0,0.10076159332894828
37,852,80,11246600.0,969350.0,0.1019112909233542
38,786,83,9806750.0,989850.0,0.1031587535352632
39,802,75,9856700.0,809325.0,0.10437656347030773
40,820,78,9833625.0,891475.0,0.1056110573707884
41,888,100,11401025.0,1264900.0,0.10677196152658473
42,784,90,9897800.0,1068400.0,0.10803152860602448
43,802,79,10312175.0,834000.0,0.10922799529481196
44,855,95,10427175.0,1100250.0,0.11043457060682803
45,827,91,9946750.0,1107725.0,0.11172010117215304
46,779,82,9906225.0,938125.0,0.11294681645032902
47,854,91,10887675.0,1037275.0,0.11413237466077313
48,879,129,11183225.0,1538300.0,0.11536671562549872
49,825,93,10481425.0,1052100.0,0.11667358344212644
50,923,105,10983700.0,1195575.0,0.11796405692472693
51,847,100,10483075.0,1175375.0,0.11926750375015735
52,934,108,11302950.0,1210525.0,0.1205360357437333
53,894,96,11040925.0,1098300.0,0.12188792366966819
54,835,116,10105625.0,1219825.0,0.12321308489378947
55,866,117,10344075.0,1411825.0,0.12449478677910529
56,865,87,10554900.0,891875.0,0.12582949258955894
57,848,77,10511400.0,839225.0,0.127142999585649
58,877,121,10610700.0,1348000.0,0.1284204085721689
59,816,114,9594450.0,1185250.0,0.12977438062115712
60,892,114,11159550.0,1403950.0,0.13108463216440938
61,883,104,10764600.0,1260650.0,0.13254475091807805
62,872,117,10884525.0,1585675.0,0.13394709985179074
63,913,127,10948125.0,1501525.0,0.13536088244559336
64,984,113,11755225.0,1299025.0,0.13688727407192347
65,874,126,10515850.0,1470200.0,0.13847325126365853
66,839,105,10130300.0,1216750.0,0.13998265196681053
67,910,103,11240625.0,1263900.0,0.14147606461468576
68,791,131,9661200.0,1614350.0,0.14305372896121205
69,788,115,9756350.0,1456875.0,0.14452126434032483
70,928,141,11304950.0,1598425.0,0.1460866107880522
71,886,133,10732700.0,1568975.0,0.14776286612924452
72,801,123,9439025.0,1320625.0,0.14945114277885482
73,896,137,10775075.0,1656850.0,0.1510936145635417
74,884,144,10822475.0,1676250.0,0.15288358044333772
75,814,109,9901025.0,1294775.0,0.1547143886958557
76,841,122,10342750.0,1557125.0,0.15653065466753993
77,884,135,10690625.0,1593725.0,0.1583250340227591
78,807,127,9730900.0,1438725.0,0.16030135479016142
79,865,138,10431125.0,1561050.0,0.1622010916211753
80,926,141,11056125.0,1618325.0,0.16427579447276777
81,820,125,10066575.0,1422425.0,0.16651265736970544
82,904,154,11116750.0,2110000.0,0.16870582698363976
83,912,141,11144500.0,1751725.0,0.1711819277190075
84,808,131,9941400.0,1611625.0,0.17363921445930144
85,916,136,11180125.0,1526800.0,0.17612857352260503
86,891,151,10738450.0,1818550.0,0.179011924985792
87,893,164,10831300.0,2058700.0,0.18196667715770115
88,883,164,10682150.0,2117875.0,0.18517142026085484
89,814,152,9814775.0,1948300.0,0.1885860081950615
90,856,147,10026500.0,1788875.0,0.1921352640387766
91,828,162,10019900.0,1978875.0,0.19598468183987303
92,863,154,10250950.0,1684125.0,0.20005803499434202
93,924,196,10826275.0,2292475.0,0.20495996897243127
94,883,170,10563775.0,2157050.0,0.21084439518343637
95,887,180,10468850.0,2156900.0,0.21747610987305452
96,931,181,10965175.0,2119000.0,0.22533763218361724
97,848,184,10140175.0,2263100.0,0.235933235665981
98,821,203,9696000.0,2409025.0,0.2500668941078505
99,713,170,8520175.0,2074050.0,0.27527469878618727
